Nome,Endereço,CEP,Cidade,Estado,País,lat,lng
Auto Posto 302 Sul,Q SQS 302 PLL BLOCO A,70338-500,Brasilia,DF,BR,-15.802956299653129,-47.89143222435104
Posto Flórida,ROD BR-070 KM 15,72276-010,Brasília,DF,BR,-15.799248014523634,-48.18014176697919
Auto Posto Original 414,"SHCS 414 Bloco A PLL, Asa Sul",72297-010,Brasília,DF,BR,-15.832745,-47.916557
Auto Posto Original 409,"SHCS 409 Bloco A PLL, Asa Sul",70258-010,Brasília,DF,BR,-15.823091,-47.903157
Auto Posto Original B4,"Qi 21, Lote 02/08, Taguatinga Norte",72135-210,Brasília,DF,BR,-15.8078097,-48.08175521
R13 Taguatinga,QI 04 Lote 41/42,71135-040,Brasília,DF,BR,-15.8080505,-48.073649921
Posto Central Park,"QS 05 LOTES 02, rua 04 E 06",70.310-50,Brasília,DF2,BR,-15.859269349791722,-48.03622608757046
Posto Parque Eldorado,ENTREQUADRA 51/53 PROJECAO - SETOR CENTRAL 03,72.491010,Brasília,DF2,BR,-16.018890711971448,-48.06519548266229
Posto 20V,"R. C7, qd 7A - Itanhangá",75680-388,Caldas Novas,GO,BR,-17.75798999378281,-48.63774854136003
Posto do Luizinho,Av Araxa Quadra 39 Lote 03 anexo Esq c rua 12,75689-018,Caldas Novas,GO,BR,-17.747668299262926,-48.60510852698607
Posto Park Caldas I,"Av. Santo Amaro, QD 16 LT 01, Solar de Caldas",75696-057,Caldas Novas,GO,BR,-17.7271419,-48.629498
Posto Rham Luziania,AV DONA SARA KUBITSCHEK,72815-450,LUZIANIA,GO2,BR,-16.23641,-47.941746
Posto Via Brasília,"Jardim do Inga, Luziânia",72850-140,Luziânia,GO2,BR,-16.1418165,-47.947867421
Auto Posto Park JK,Av. Dona Sara Kubitschek SN Quadra 15 Lote 07 a 12,72815-450,Luziânia,GO2,BR,-16.224111448010735,-47.936075189693746
Posto Petro Ideal,"Rua Valdomiro de Miranda - 238, CENTRO",73801-610,Formosa,GO3,BR,-15.5409851,-47.34346317
Auto Posto JJR,"Quadra 06, S/N",72910-001,Aguas Lindas,GO4,BR,-15.754226554713957,-48.25652742963112
Posto Morais,"Q 25, SN Lote 12/13", 72926-04,Águas Lindas de Goiás,GO4,BR,-15.753576485231624,-48.32656079009994
Rham Auto Posto,"Q Quadra 1, Rua 1, Lote Jardim da Barragem I",72920-001,Águas Lindas de Goiás,GO4,BR,-15.735605,-48.286919
Auto Posto Chafariz,"Rua S-1, Nª 260",72230-220,Goiânia,GO5,BR,-16.714246458526915,-49.26395967471069
Auto Posto Interlagos,Av. Anhanguera 3885,74610-010,Goiânia,GO5P,BR,-16.67184728555461,-49.24727268109706
Posto Portal,"Av. Perimetral Norte, Nº 50",74450-300,Goiânia,GO5P,BR,-16.6538364935078,-49.3308144376071
Posto Gerar,Avenida Anhanguera Nº 862 Quadra 218 Lote 01,74705-010,Goiânia,GO5P,BR,-16.668982462147486,-49.21942688715602
Auto Posto Boa Viagem,Avenida Anhanguera Nº 2075,746100010,Goiânia,GO5P,BR,-16.67081641684136,-49.23028566053955
Posto Sevilha,AV VALENCIA QUADRA01 LOTE 01 02,74.369-20,Goiania,GO5P,BR,-16.743836105003624,-49.34354951333551
Posto Santa Rita,72.874-258,72874-258,Valparaiso,GO2P,BR,-16.117131539464,-47.96742315593665
Posto Central Anápolis,PC Americano do Brasil 17,75024-090,Anápolis,GO6,BR,-16.323562338796325,-48.95569192957828
Posto J. das Américas,R. Coronel Cordeiro Esq. Professora Idalina,75071-160,Anápolis,GO6,BR,-16.28542865716536,-48.942732125207726
Posto Pireposto,R BENJAMIN CONSTANT QUADRA 28 LOTE 05,72980-000,Pirenópolis,GO7,BR,-15.85617176840324,-48.95878952037854
Pegada Samambaia QS 404,QS 404 Conjunto A - Lote 06 - Loja 04,72318-551,Brasília,DFPE,BR,-15.867484522731495,-48.08533071823027
Pegada Ceilândia QNM 1,QNM 1 conj. F lote 03,72215-016,Brasília,DFPE,BR,-15.81812187689144,-48.105554707779184
Pegada Guará QE 13,QE 13 conj. H lote 02,71050-080,Brasília,DFPE,BR,-15.825173363767142,-47.97860931122361
Pegada Santa Maria CL 112,CL 112 lote C S/N loja 03/04,72542-200,Brasília,DFPE,BR,-16.00850128543047,-48.00622256120142
Pegada Samambaia QS 614,Qs 614 conj. A lote 01 loja 04,72322-581,Brasília,DFPE,BR,-15.85181896359192,-48.07315441895997
Pegada EPTG Vicente Pires,EPTG Chacara 54 loja 02,72005-305,Setor Habitacional Vicente Pires,DFPE,BR,-15.814888475447757,-48.00865227376057
Pegada Animal Aguas Claras,Avenida das Castanheiras Lote 740 Loja 06/10,71900-100,Brasília,DFPE,BR,-15.833297381863035,-48.01381369815313
Posto Morada I,AV DEPUTADO MILTON FIGUEIREDO 645 SETOR CENTRO NORTE,78.053-50,CUIABA,MTP,BR,-15.567545525839996,-56.060498563207446
Ouro Gás Pistão Sul,QS 05 Rua 311 LT 11A Loja 01,71964-180,Brasília,DFGA,BR,-15.860641782184738,-48.035020339049225
Gás Brasil Ceilândia,QNM 23 CONJ A LT 46,72215-231,Brasília,DFGA,BR,-15.829712994313974,-48.09593011769255
Ouro Gás Taguatinga,QNL 14 Conjunto E Lote 01,72160-405,Brasília,DFGA,BR,-15.834732127549621,-48.08719426634374
Formogás,Av. Pedro Monteiro Guimarães N 397,73805-015,Formosa,GO3G,BR,-15.535176636431062,-47.337619802574146
Auto Posto Jabuti Catalão,Rua Moises Salomão,75703-030,Catalão,GO10,BR,-18.165847181184045,-47.94377023703168
Ouro Gas Águas Lindas,Q 7 Nº 02 LOJA 01,72910-765,Águas Lindas do Goiás,GO4G,BR,-15.75451614523659,-48.256086950924534
Posto Star Petro,"Rua Paula Bueno, 2643",13841-010,Mogi Guaçu,SP2,BR,-22.362529961364988,-46.92158174514689
Auto Posto Petrox Beira Mar,Av. Gov. Paulo Barreto de Menezes N. 662,49032-010,Aracaju,SE1,BR,-10.930625082149858,-37.04717217615992
Auto Posto Petrox Farol,"Av. Murilo Dantas, 941",49032-490,Aracaju,SE1,BR,-10.970803904320166,-37.05622997790902
Auto Posto Petrox Urquiza,Rua: Urquiza Leal Nº 118,49020-490,Aracaju,SE1,BR,-10.926980849504261,-37.0570558355818
Auto Posto Petrox 13 de Julho,"Av. Gov. Paulo Barreto de Menezes, 770",49020-010,Aracaju,SE1,BR,-10.93053298589596,-37.04718805085942
Auto Posto Petrox Aruana,"Rodovia dos Náufragos, 4700",49008-093,Aracaju,SE1,BR,-11.018119323100661,-37.083374074503155
Auto Posto Petrox Lamarão,"Av. Paulo Figueiredo Barreto, 530",49070-000,Aracaju,SE1,BR,-10.87237707131691,-37.07763639050899
Auto Posto Petrox Rua Alagoas,"Rua Paraíba, Número 240",49085-510,Aracaju,SE1,BR,-10.905842790555687,-37.07381468988594
Auto Posto Petrox Parque da Cidade,"Avenida Gal Euclides Figueiredo, 909",49.089-02,Aracaju,SE1,BR,-10.881711238007034,-37.04853656745969
Auto Posto Petrox Nestor Sampaio,"Rua Nestor Sampaio, 195",49045-000,Aracaju,SE1,BR,-10.93426337276492,-37.07755424682993
Auto Posto Petrox Rua Estancia,"Rua Estancia, 745",49010-180,Aracaju,SE1,BR,-10.916010698171275,-37.05445071614189
Auto Posto Petrox Aeroporto,"AVENIDA MONTEIRO LOBATO, Nº 850",49037-450,ARACAJU,SE1,BR,-10.985887333550481,-37.05815311577379
Auto Posto Paranaiba,"Rua Paranaiba, N 560",75526-452,Itumbiara,GO11,BR,-18.420375695312043,-49.2194097042025
Auto Posto Pontal da Cruz,"Avenida Dr. Manoel Hipolito do Rego,1077",11606-100,São Sebastião,SP4,BR,-23.77971080706109,-45.39934881601378
Posto João Filé,"Br 101 Sul km 85,1",54335-000,Jaboatão dos Guararapes,PE,BR,-8.186719662502863,-34.953556816154624
Auto Posto Original B4 (Gás),"Qi 21, Lote 02/08, Taguatinga Norte",72135-210,Brasília,DFGP,BR,-15.8078097,-48.08175521
Auto Posto Original 414 (Gás),"SHCS 414 Bloco A PLL, Asa Sul",72297-010,Brasília,DFGP,BR,-15.832745,-47.916557
Auto Posto Original 409 (Gás),"SHCS 409 Bloco A PLL, Asa Sul",70258-010,Brasília,DFGP,BR,-15.823091,-47.903157
R13 Santa Maria (Gás),"AC 219 Conj A Lote 01/04, Santa Maria",72549-305,Brasília,DFGP,BR,-16.004098,-47.98706418
R13 Taguatinga (Gás),QI 04 Lote 41/42,71135-040,Brasília,DFGP,BR,-15.8080505,-48.073649921
Auto Posto Original 415(Gás),"SHCS 415 Lote 03 PLL, Asa Sul",72298-000,Brasília,DFGP,BR,-15.8348279,-47.91939463
Posto Xavante Paraná,Rua Sergipe - 1065,35500-012,Divinópolis,MG,BR,-20.145260271933843,-44.90005545840612
Posto Xavante Center,"Rua Getulio Vargas, 535",35500-000,Divinópolis,MG,BR,-20.144224185587785,-44.8864572471051
Posto Xavante Atacadão,RUA CASTRO ALVES 2400,3501-2050,Divinópolis,MGP,BR,-20.168474380892135,-44.90762624951236
Auto Posto Brasileirão,BR 050    ,38446-232,Araguari,MG2,BR,-18.661274381894426,-48.16169013126168
Auto Posto Nova Palhoça,Avenida Rio Grande,88131-600,Palhoça,SC1,BR,-27.66317482092236,-48.65936717073959
Auto Posto J J Junior,"Avenida Avenida Jk, S/N",72910-001,Aguas Lindas,GO4P,BR,-15.720113308403327,-48.285633270053495
Posto Avenida das Torres,"Av. Osvaldo José do Amaral S/N, Esq. R. Manoel Eduardo Cardoso",88110-798,São José,SC3,BR,-27.575175682138404,-48.62511488222922
Auto Posto Kiribati,"Rua David Tows, 3000",81920-080,Curitiba,PRP,BR,-25.538047790527344,-49.254615783691406
Auto Posto PH,"Av. Senador Salgado Filho, 921",81510-000,Curitiba,PRP,BR,-25.460322639978,-49.248378688913775
Posto Referencial 2,"RUA GUGLIELMO MARCONI, 756",82820-250,Curitiba,PRP,BR,-25.41950728831024,-49.20321820256358
Posto Referencial 1,"Editar RUA BALTAZAR CARRASCO DOS REIS, 2101",80230-070,Curitiba,PRP,BR,-25.449742,-49.267704
Auto Posto MBP,"R. Saturnino Miranda, 385",82030-320,Curitiba,PRP,BR,-25.39252996135966,-49.33360156854639
Auto Posto Nova Délhi,"R. Eduardo Pinto da Rocha, 809",81850-000,Curitiba,PRP,BR,-25.537584642575826,-49.24169838645723
Posto Boqueirão,"Rua Professor João Barcelos, 3716",81670-080,Curitiba,PRP,BR,-25.50517347014812,-49.243071704082205
Posto Abaeté,"Rua Fernando de Noronha, 1338",82640-350,Curitiba,PRP,BR,-25.377689383807375,-49.24246678716094
Posto X,"Rua XV de Novembro, 2499",80045-270,Curitiba,PRP,BR,-25.426807069316414,-49.24992889027438
Auto Posto Aguiar,"Quadra Quadra 40 Lote 20,21 e, 22",72900-970,Santo Antônio do Descoberto,GO12,BR,-15.943171887680084,-48.262008704402476
Auto Posto VIP,"ROD BR 060, KM 71 NORTE",72940-000,Abadiânia,GO13,BR,-16.250996232433565,-48.76086706010907
Posto Conceição,Rua Jardim do Norte,44320-000,Conceição da Feira,BA3,BR,-12.496469331935224,-39.00110709745193
Posto Xavante Caiçara,Avenida Presidente Carlos Luz 445,31230-000,Belo Horizonte,MG3,BR,-19.904922187472458,-43.96480670315742
Posto Iguatemi,"AV SANTOS DUMONT, 5259",60190-800,Fortaleza,CE,BR,-3.740526286307136,-38.484380734031696
Posto Leal III,"ROD BR 116, 5.541",60.851-02,FORTALEZA,CE,BR,-3.7697231058818548,-38.51682931453677
Posto São Miguel,"R DR. THOMPSON BULCAO, 850",60810-460,Fortaleza,CE,BR,-3.77069585585151,-38.4888897009615
Posto Vitória Leal,"AV PRES. COSTA E SILVA, 898",60863-503,Fortaleza,CE,BR,-3.813084680639883,-38.57161095152557
Posto Leal VIII,"AV. BEZERRA DE MENEZES, 2323",60325-004,Fortaleza,CE,BR,-3.7360966527956343,-38.56529221797402
Posto Status,"AV. PRES. COSTA E SILVA, 3101",60761-971,Fortaleza,CE,BR,-3.8289952743714264,-38.52216799450967
Posto Leal VI,"AV JOSE BASTOS, 3950",60431-086,Fortaleza,CE,BR,-3.7489572324041673,-38.55272654131231
Posto Leal IX,"AV JOAO PESSOA, 5834",60425-813,Fortaleza,CE,BR,-3.7613976,-38.557516
Posto Curió," AV. ODILON GUIMARAES, 2130",60844-070,Fortaleza,CE,BR,-3.8202793353051177,-38.4754300804445
Posto Siqueira,"Av. Osorio de Paiva, 6800",60720-001,Fortaleza,CE,BR,-3.8137029177612405,-38.61097086781176
Posto Leal IV,"RODOVIA BR 116, 11.055",60823-105,Fortaleza,CE,BR,-3.844156465322298,-38.4977333452268
Posto Canaã Fortaleza,"Avenida Antonio Sales, 2880",60135-102,Fortaleza,CE,BR,-3.746952835491517,-38.49835054301512
Blindar Vistoria Automotiva,"SIA Trecho 17, Rua 20, Lote 60",71200-256,Brasília,DFVIS1,BR,-15.796912785680547,-47.968288869847484
JMR Placas,"SIA Trecho 1 SN Lote 1050/1070, Fundos",71200-012,Brasília,DFEMP1,BR,-15.806104974025,-47.96159287306458
Posto Veredas,AV DIOGO NAVES,74370-695,Goiania,GO5ED,BR,-16.72443093903363,-49.33823967378625
Posto Auto Volume,ALAMEDA DOS EUCALIPTOS QUADRA 107 LOTE 13,71920-010,Brasilia,DFSD,BR,-15.828494903639687,-48.03205612884399
Auto Posto Fenix 3,Quadra Eptg 03 Conjunto 01 Lote02,72001-036,Brasília,DFSD,BR,-15.829311190284068,-48.0388426055708
Posto Jarjour 113 Sul,"Quadra Sqs 113, 01",70376-000,Brasília,DFSD,BR,-15.827143097519873,-47.91567424593006
Auto Posto R. Mall,Q SHRF QN 7 AE 1,71805-700,Brasília,DFSD,BR,-15.878068582531489,-48.02018465101705
Auto Posto Fenix EPTG,EPTG Chácara 54,72005-305,Brasília,DFSD,BR,-15.81510741657675,-48.00811000254598
Posto Amorim,R FRANCISCO CLAUDINO DO SANTOS 324,83833-056,FAZENDA RIO GRANDE,PRRG,BR,-25.64566657544843,-49.316186018762124
Posto Metrópole Estados,Avenida Paraná 4223,83830-058,Fazenda Rio Grande,PRRG,BR,-25.669492252132233,-49.320727739330906
Auto Posto Smaff,STN 716 Conjunto D Bloco 1,70770-100,Brasília,DFGGED,BR,-15.735203799368277,-47.901390552522486
Posto Jarjour Taguatinga,"CSB 08 LOTE 01 a 05, Taguatinga Sul",72015-585,Brasília,DFGGED,BR,-15.840254095368977,-48.05059271649197
Posto Rota 203 Norte,"203 NORTE, SHCN",70833-000,Brasília,DFGGED,BR,-15.779438592717131,-47.88018743830076
Posto Rota 406 Sul,Q SHC/SUL SQ 406 PLL,70.255-00,Brasília,DFGGED,BR,-15.817430840380188,-47.89545561395359
Posto Rota 411 Norte,CLN 411 BLOCO B,70297-400,Brasília,DFGGED,BR,-15.753441883858734,-47.88303841346562
Posto Jarjour 206 Norte,SHC SQ 206 Bloco A Pag,70844-000,Brasília,DFGGED,BR,-15.76926452839601,-47.87921223716394
Posto Rota 103 Sul,Q SQS 103 BLOCO A,70342-010,Brasília,DFGGED,BR,-15.80630547825842,-47.89023341741481
Posto R13 Santa Maria,"AC 219 Conj A Lote 01/04, Santa Maria",72549-305,Brasília,DFGGED,BR,-16.004098,-47.98706418
Posto Xandão,Av. Fued José Sebba,74805-100,Goiânia,GO5SGA,BR,-16.690335330011767,-49.23919067599723
Xpetro Multirão,Av Mutirão N° 2.496 QD 78 LT 23-E,74215-240,Goiânia,GO5SGA,BR,-16.698328636895383,-49.269520466305806
Posto Céu-070,"GLEBA 04, LOTE 499, MODULO B, PICAG, CEILANDIA NORTE, BRASILIA - DF BR-070 Km 14,7",72276-010,Brasilia,DF22,BR,-15.79846369010168,-48.17873649407776
Posto Colina PSul,Qnn 34 Lote F PLL,72220-346,Brasília,DF2SD,BR,-15.843559183017828,-48.10521344222661
Auto Posto JPC,Q 301 RUA A CONJUNTO 2 Lote 4,71.901-02,Brasília,DF2SD,BR,-15.827949764317125,-48.011204275403585
Auto Posto Recanto,AV RECANTO QUADRA 205 LOTE 03,72.610535,Brasília,DF2SD,BR,-15.904583358194675,-48.06692827054409
Auto Posto Quality QNL,QNL 11 CONJ F LOTE 18,72151-106,Brasília,DF2SD,BR,-15.828058,-48.088307
Auto Posto Quality SIG,ST SIG CONJ C Lote 01,72153-503,Brasília,DF2SD,BR,-15.83353138896414,-48.082417502344555
Auto Posto 310 Norte,Q SHCN SUPERQUADRA 310 Bloco B PLL 03,70756-520,Brasília,DF2SD,BR,-15.7575247474,-47.88936262225626
Auto Posto Petrox Japaratuba Centro,"RUA DR. OTAVIO ACIOLY , 264",49960-000,JAPARATUBA,SJT01,BR,-10.590062338786252,-36.943429863823546
Auto Posto Petrox Aquidabã,RUA PARAGUAI 2256,49790-000,AQUIDABÃ,SEA01,BR,-10.293497595279096,-37.02177119255645
Posto Gato Preto,Av. Perimetral Norte Nº 7354,74573-260,Goiânia,GO5P2,BR,-16.633570608303298,-49.28112609881657
Xpetro Independência,Av Independencia nº 5070 Qd 02 Lt 08,74045-010,Goiânia,GO5P2,BR,-16.665297406821768,-49.26627589219268
Posto Águia,Avenida Anhanguera N° 13.343 Quadra 01 Lote 01/02/06,74453-495,Goiânia,GO5P2,BR,-16.655286991691575,-49.33034891601183
Xpetro T63,Av.T63 Qd.333 Lt12/13,742503-25,Goiânia,GO5P2,BR,-16.716866602888963,-49.28990426535648
Xpetro Paranaiba,RUA PADRE MONTE 1793 QD 02 LT 22/23,74485-150,Goiânia,GO5P2,BR,-16.690091212815172,-49.33840101213926
Xpetro Leste Oeste,RUA SENADOR JAIME,74550-490,Goiânia,GO5P2,BR,-16.663366412161054,-49.2839557119309
Auto Posto Petrox Indiaroba,RUA LUIZ EDUARDO MAGALHÕES S/N,49.250-00,INDIAROBA,SEI01,BR,-11.519384462507192,-37.5231891462468
Auto Posto Original 415,"SHCS 415 Lote 03 PLL, Asa Sul",72298-000,Brasília,DFGASP,BR,-15.8348279,-47.91939463
Auto Posto do Turista,"Rua Pedro Branco de Souza, n 17, Qd 11 Lt 06",75680-017,Caldas Novas,GOSD1,BR,-17.74119675318532,-48.624907487171534
Total óleo,Rua Abel Scuissiato,83408-280,Colombo,PROL02,BR,-25.38063416561226,-49.18463020198714
Ponto do Óleo Express,"Av. Pres. Arthur Bernardes, 2132",80320-300,Curitiba,PROL03,BR,-25.469215176774984,-49.29653237202106
Lava Jato Beltrão,"Quadra 44 Conjunto A, Parque da Barragem",72910-103,Águas Lindas de Goiás,GOLAP,BR,-15.746992105980233,-48.26651673890136
Auto Posto Petrox Barra,ROD. ENGENHEIRO ADILSON TAVORA S/N,49.140-00,BARRA DOS COQUEIROS,SE3,BR,-10.907927156955264,-37.023803460205066
Auto Posto Petrox BR,"BR 235, km 04, S/N",49160-000,Nossa Senhora do Socorro,SE4,BR,-10.90348854956612,-37.12676392397012
Auto Posto Petrox Marcos Freire,AV COLETORA A Nº 2457 LOTE 1 A QUADRA 52A,49.160-00,NOSSA SENHORA DO SOCORRO,SE4,BR,-10.844005473693912,-37.06617360438464
Posto Nossa Senhora D&#39;ajuda,"AV PORTO SEGURO, 40",45820-002,Eunapolis ,BA4,BR,-16.373300630997832,-39.58136752699386
 New Park Lava Rápido,Av. Perimetral Norte,74573-140,Goiânia,GO2LAP,BR,-16.634459307997925,-49.2820811661468
Lava Jato Panorama,Qd. E Lt. 10 Res. Murumbi,74574-001,Goiânia,GO2LAP,BR,-16.644301632180614,-49.278263551395035
Auto Clean,Rua Francisco Magalhães,74565-450,Goiânia,GO2LAP,BR,-16.638434161269007,-49.27417771421609
Posto Cidade Do Povo,"Ramal do Herculano, n°268",69908-768,Rio Branco,AC,BR,-10.013467029302191,-67.76040604732884
Império Animalli&#39;s,Rua 3 Ch 30 Lote 10/11 Loja 01,720056330,Brasília,DFPE2,BR,-15.790934110407017,-48.01169194498219
Auto Posto Oliveira Cruzeiro,AV EUCLIDES DA CUNHA S/Nº QD 01 LOTE 45,74917-195,Aparecida de Goiania,GO91,BR,-16.763521194458008,-49.27273178100586
Auto Posto Oliveira Paraíso,AV 4ª AVENIDA - QUADRA46 LOTE 01E,74.948-01,Aparecida de Goiânia,GO91,BR,-16.80630265278921,-49.355381539853035
Posto Veiga,"Av. Veiga Valle, Qd 130 - Lote 01",74955-520,Aparecida de Goiânia,GO91,BR,-16.796992875404484,-49.282043508256194
Posto Oliveira Village Garavelo,R PIRINEUS QUADRA04 LOTE 02E,74968-539,Aparecida de Goiânia,GO91,BR,-16.819570789758664,-49.2480968497257
Ducha Car do Gordim,"Av. Presidente Wilson, 123",75115-100,Anápolis,GO3LAP,BR,-16.335886858011616,-48.94937666179129
Auto Posto Guaira,"R. Mato Grosso, 75",72910-000,Águas Lindas de Goiás,GO4SC,BR,-15.760609787073193,-48.2449074042981
Posto Cidade Natal,Av. Senador Salgado Filho,59064-000,Natal,RNP,BR,-5.815081038527277,-35.206149222931
Posto Candelária,Av. Prudente de Morais,59064-630,Natal,RNP,BR,-5.831977051297117,-35.217755660990726
Posto Carau,próximo a Av. Industrial João Francisco da Mota,59072-480,Natal,RNP,BR,-5.805354275275451,-35.239699298508775
Posto do Doutor,"Av. Mal. Floriano Peixoto, 467 - Petrópolis",59020-500,Natal,RNP,BR,-5.784683081540557,-35.20185379076544
Auto Posto Caxangá,Av Caxanga n° 830,50711-095,Recife,REC,BR,-8.052832147741762,-34.915926612251845
Posto Apolo,"Cais Do Apolo, 790",50030-230,Recife,REC,BR,-8.055303930272434,-34.87185431717697
Posto Vinci,Siqueira Campos 27,89300-042,Mafra,SC4,BR,-26.124410103033544,-49.80527840165487
Posto Ararinha Azul III,"Rua Padre Cícero, 874",48611-030,Paulo Afonso,BA5,BR,-9.446568757154045,-38.21283618937406
Posto Ararinha Azul II,"Rua Barão de Jeremoabo, S/N",48540-000,Jeremoabo,BA6,BR,-10.06587362719564,-38.349270309551905
Posto Xavante Itaúna,"Av. JK, 1375",35680-415,Itaúna,MG4,BR,-20.079098198314245,-44.60183859207248
Posto Xavante Itatiaiuçu,Rua dos Passos 105,35540-000,Oliveira,MG5,BR,-20.69978859670539,-44.822680893167316
Posto Xavante Arcos,Av Doutor João Vaz Sobrinho 1302,35588-000,Arcos,MG6,BR,-20.288440590775803,-45.534302176412176
Posto ED+,"Rua Cascavel, 1664",83410-270,Colombo,PR6,BR,-25.36410990950044,-49.16807204567291
Lava Jato Lemos,Praça 3 Bloco A Loja 7 Setor Sul,72410-230,Brasília,DFLAP2,BR,-16.033257377397867,-48.06413057182922
Lava Jato Rota 290,"Rodovia DF 290, KM 1,2, chácara 11, loja 12,",72.578-00,Santa Maria,DFLAP2,BR,-16.04669279560511,-47.99101994877652
Lava a Jato 310 Norte,SHCN QUADRA 310 NORTE BLOCO B POSTO DE GASOLINA 310 NORTE,70756-520,Brasília,DFLAP2,BR,-15.757598447510754,-47.88936519623016
Lava Jato Posto JK,"Avenida Doutor Neilo Rolim, Quadra 15 - Parque Alvorada I",72815-450,LUZIÂNIA,GOLA1,BR,-16.222706630868515,-47.93582732573354
Posto JFerro Palmas,"Avenida LO 27, Quadra 1.202 Sul, lote 19",77024-382,Palmas,TO,BR,-10.255807,-48.330887
Posto Park Caldas II,"Rod. Go-213 e 413, S/n QD 04 - LT 01-A, Jardim Paraíso",75690-000,Caldas Novas,GO1,BR,-17.7271111,-48.627423821
Posto JFerro Goiânia,"Avenida Anhanguera, N° 10049",74430-030,Goiânia,GO5ED2,BR,-16.669212,-49.302383
Posto da Torre (São Rafael),St SHS Quadra 5 Bloco F PLL,70315-000,Brasília,DF6,BR,-15.7933476,-47.892517721
Posto Verão,"Avenida 402 Sul Avenida Lo 9, S/N",77021-632,Palmas,TO2,BR,-10.2053036762945,-48.33141863558236
Posto Primavera,"Quadra 204 S Av Ns 02, 01",77020-486,Palmas,TO2,BR,-10.192824024898718,-48.32999623562074
Rodoposto,"LOT COQUEIRINHO, 2 ETAPA FLS 04 LOTE 01",77.001-00,Palmas,TOP,BR,-10.247641628738966,-48.31137765581169
Ecoposto Jotapinto,"Av. Jose Emidio de Lima , 12",57307-350,Arapiraca,AL2,BR,-9.724553639792855,-36.67867844035018
Posto Jota Pinto,RODOVIA AL 110 KM 70,57302-802,Arapiraca,AL2,BR,-9.751714106540248,-36.636793156190116
Auto Posto Sales Bezerra,"Avenida Deputada Ceci Cunha, 564, Quadra0020 Lote 0274",57313-085,Arapiraca,AL2,BR,-9.74874426869887,-36.6487541042485
Posto Bosque das Arapiracas,"R. Delmiro Gouveia, 1382",57311-565,Arapiraca,AL2,BR,-9.7423803974612,-36.65906072729973
Posto São Luiz III,"Avenida Jaguarari, 5000",59064-500,Natal,RN3,BR,-5.836236949368762,-35.225653939436306
Posto Raissa 2,"AVENIDA ALMIRANTE ALEXANDRINO DE ALENCAR,776",059022350,NATAL,RN3,BR,-5.801365101472416,-35.21155427807765
Posto São Luiz II,AV PRUDENTE DE MORAIS 4476,59063-200,NATAL,RN3,BR,-5.821244029871098,-35.21370741979427
Posto São Luiz IV,"Avenida Prudente de Morais, 2056",59022-400,Natal,RN3,BR,-5.800564861352118,-35.2064729383947
Posto San Lorenzzo,"Loteamento Palmares, S/N",57100-000,Rio Largo,AL4,BR,-9.52523540889008,-35.799357188454934
Posto Cidade,"Av. Conselheiro Luiz Viana, 275",45820-130,Eunápolis,BA4P,BR,-16.375227144722242,-39.583496169314245
Posto São Jorge,"Av. Salustiano Sarmento, 425",57044-060,Maceió,AL1P,BR,-9.619530596200864,-35.70967749894958
Posto Liderança,"Avenida Menino Marcelo, 15",57046-000,Maceió,AL1P,BR,-9.602829322340265,-35.72235846944379
Posto Nosso Posto 1,"Rua Firmo Correia de Araújo, 364",57071-012,Maceió,AL1P,BR,-9.578237160150218,-35.77652483599121
Posto Nosso Posto 2,"Av. Jorge Barros, 485",57.063-00,Maceió,AL1P,BR,-9.581474102855223,-35.77433287717226
Posto Jatiúca,"Av. Dona Constança de Góes Monteiro, 720",57.036-37,Maceió,AL1P,BR,-9.652407546716905,-35.71736677636932
Auto Posto Visa,"RUA VINTE E QUATRO DE MAIO, 910",83323-060,Curitiba,PR8,BR,-25.443465671434705,-49.19620483937092
Posto Alto Maracana,"Rua Abel Scuissiato, 603",83408-280,Curitiba,PR6P,BR,-25.36819367479618,-49.18500698189677
Posto Quality QNA 56,QNA 56 Lote 1,72110-560,Brasília,DFGEP,BR,-15.816664378174616,-48.060028034481746
Posto Colina Br 070,Qnm 40 Area Especial N° 14,72146-025,Brasília,DFGEP,BR,-15.79156337643603,-48.10530484343069
Brasil Vistorias Planaltina,Setor de Oficinas Conjunto E Lote 20 - Planaltina,73340-050,Brasília,DFVISP,BR,-15.606253354647128,-47.64587444824397
Brasil Vistorias Paranoá,Área de Desenvolvimento Econômico Quadra 3 Conjunto A Lote 38,71570-300,Brasília,DFVISP,BR,-15.780151,-47.792877
Posto APMB Montanhes,Avenidad Mario Maia-Rua Coxim,69921-692,RIO BRANCO,ACP,BR,-9.929731189439813,-67.83774159265629
Via Combustíveis,AVENIDA CEARA N. 1867,69900-303,Rio Branco,ACP2,BR,-9.970671887190486,-67.81308307580072
Posto Amapá,VIA CHICO MENDES N. 3570,69906-119,Rio Branco,ACP2,BR,-10.007091774770105,-67.80275513234403
Posto São Francisco,RUA SEIS DE AGOSTO N. 31,699056290,Rio Branco,ACP2,BR,-9.95146277861739,-67.8053985638779
Posto APMB Conquista,RUA VALDOMIRO LOPES,69918-764,RIO BRANCO,ACP2,BR,-9.952361776768615,-67.83125246871496
Posto Parada Vitória,AV MARECHAL CAMPOS 370,29.045-46,Vitória,ES1,BR,-20.307631982257156,-40.314164747943614
Posto Castelinho,AVENIDA JERONIMO MONTEIRO,29100-600,VILA VELHA,ES2,BR,-20.334683882240196,-40.30099358434993
Posto Coral,"AV NORTE SUL, 259, N.S.DO ROSARIO DE FATIMA, SERRA - ES",29.176-79,Serra,ES3,BR,-20.2325746793696,-40.27171242336655
Posto Sagui I,"R EUCLIDES DA CUNHA, 421, SAO DIOGO I, SERRA-ES",29.163-26,SERRA-ES,ES3,BR,-20.216091489208445,-40.263902102289826
Posto Nova Zelândia,"AV TALMA RODRIGUES RIBEIRO, 51, QUADRA003 LOTE 56, NOVA ZELÂNDIA",29.175-70,SERRA,ES3,BR,-20.185326479894186,-40.24237982482259
Posto Noventa e Tres ,RUA SAO FRANCISCO NUMERO 1516 QUADRA 60 LOTE 18,478500-00,Luis Eduardo Magalhes ,BA7,BR,-12.079863678390511,-45.80450713370363
Posto Noventa e Cinco ,AVENIDA JK NUMERO 2733,47850-000,Luis Eduardo Magalhes ,BA7,BR,-12.08205007481807,-45.79007539590434
Posto Noventa e Nove ,AVENIDA JK NUMERO 6096,47850-000,Luis Eduardo Magalhes ,BA7,BR,-12.079013868975288,-45.762072638726785
Posto Noventa,AVENIDA ENEDINO ALVES DA PAIXAO 4074,47850-000,Luis Eduardo Magalhes ,BA7,BR,-12.091724944471448,-45.79436357726818
Posto Irmãos Jota Pinto ,"Rua Domingos Acácio,144",57500-000,Santana do Ipanema,AL5,BR,-9.375019599337797,-37.24765582291837
Posto Canaã,RUA CANADÁ 20 - LOURDES - PRÓXIMO AO VIADUTO,38.610-47,Unaí,MG7,BR,-16.372449270739846,-46.90273509811324
Posto Comercial Norte Sul,AV MARUIPE 2757,29.045-23,Vitória,ES1P,BR,-20.291395378473645,-40.304965049067874
Posto Marlin Ltda,"R JUIZ ALEXANDRE MARTINS DE CASTRO FILHO, 285, SANTA LUCIA",29.056-29,Serra,ES1P,BR,-20.294424711287082,-40.30454133434715
Posto Ouro Negro,"AV DUARTE LEMOS, 345, ILHA DO PRINCIPE",29.020-37,Vitória,ES1P,BR,-20.319428100044842,-40.34808039109225
Auto Posto Contorno,"Rodovia Br 101, S/N",29157-405,Cariacia,ES5,BR,-20.317421351318615,-40.39670205355916
Posto Vital ,AV PARAIBA NUMERO 12 QUADRA 22,773200-00,TAGUATINGA,TO3,BR,-12.399919233820185,-46.42634873067577
Posto Imperial,"Av Presidente Dutra, 328",59.625-00,Rio Grande do Norte,RN4,BR,-5.1979628976928085,-37.34071229360509
Auto Posto Fenix Rua 12,R 12 CHACARA 129-A CONJUNTO A LOTE,72.007-75,Brasilia,DFEA,BR,-15.794449800337537,-48.05255347535057
Auto Posto Fenix Rua 08,R 8 CHACARA 103,72006-700,Brasília,DFEA,BR,-15.803123995331056,-48.01738279955006
Posto Luzas 2,"Av. Pedro Ludovico, 3 - 24B",73752-400,Planaltina,GO15,BR,-15.460600897432762,-47.604984613451556
Gás irmãos Silva,"Sinhô Mendes, 111",35680-292,Itaúna,MG4G,BR,-20.09106555625638,-44.58807224751181
Posto Gmaxx Industrial,"R. Santos Dumont, 4211",85904-450,Toledo,PR9,BR,-24.71196986955548,-53.74195533628316
Posto Trevo de Ouro ,RDV BR 101 SUL COM A RODOVIA AL 110,57275-000,SÃO SEBASTIÃO,AL6,BR,-9.951557042967783,-36.54228809357497
Auto Posto São Francisco ,"Avenida Jacinto Barbosa, 929",38742-038,Patrocínio,MG8,BR,-18.938138843291068,-47.00130243289641
Posto Milênio,RUA DESEMBARGADOR FERREIRA COELHO,29052-210,VITORIA,ES6,BR,-20.31185196285951,-40.30033435674068
Posto de Combustíveis FT,"Rua Ernesto Fontoura , 486",902300-90,Porto Alegre,RS1,BR,-30.00715341452124,-51.20342834632668
Posto Guarave,AVENIDA EWERSON DE ABREU SODRÉ,29215-010,GUARAPARI,ES7,BR,-20.663680639200386,-40.49982894214103
Posto Praia de Santa Monica ,ROD DO SOL KM05,29.221-30,Guarapari,ES7,BR,-20.62402535289257,-40.450273307910464
Posto Soteco,AV.BRASIL RODOVIA JONES DOS SANTOS NEVES,29211-152,GUARAPARI,ES7,BR,-20.642865004379857,-40.51767494121281
Posto Valor ,RODOVIA DO SOL,29216-705,Guarapari,ES7,BR,-20.64166207846523,-40.48521629943205
Posto Meaípe,AVENIDA ANTONIO ROSA DO NASCIMENTO,29208-008,Guarapari,ES7,BR,-20.737641828271098,-40.54327194353311
Posto Guarave Filial,RODOVIA SOL,29215005,Guarapari,ES7,BR,-20.653032419305212,-40.49657374622336
Auto Posto Guarapari,Av Governador Jones dos Santos Neves,29211-630,Guarapari,ES7,BR,-20.627611000453783,-40.526834699999995
Posto Primeira Dama,"Rua Pedro Teles, 371",21320-120,Rio De Janeiro ,RJ2,BR,-22.896320556999235,-43.34784850420861
Monte Líbano Auto Posto,Av República do Líbano n°535,78048-135,Cuiabá,MT1,BR,-15.576512776676362,-56.08732220530568
Posto CR,"Av. Dr Meirelles, 539, Qd 24",78088-010,Cuiabá,MT1,BR,-15.634367090332509,-56.0223077859366
Posto 2L,AV PROFESSOR JOAO GOMES MONTEIRO SOBRINHO,78008-800,Cuiabá,MT1,BR,-15.599047789266113,-56.08799985522108
Posto Free XV Novembro,AV XV DE NOVEMBRO,78015-285,Cuiaba,MT1,BR,-15.61369653658524,-56.1044609735635
Posto do Mion,"RUA GETULIO VARGAS,1385",57607-500,PALMEIRA DOS ÍNDIOS,AL7,BR,-9.418768759884474,-36.638920527008146
Posto Santa Helena,AV TRINTA E UM DE MARCO,78115-750,Várzea Grande,MT2,BR,-15.640658649809536,-56.1110868811841
Badu Auto Posto,"Avenida Couto Magalhaes Lot Centro, 2561",78110-400,Varzea Grande,MT2,BR,-15.649203057837788,-56.14300356420315
Posto Ararinha Azul IV,"Pça da Igreja, S/N",48540-000,Sitio do Quinto,BA8,BR,-10.414401135305935,-38.16969406186146
Posto Leal X,"R. PADRE JOSE HOLANDA DO VALE, 1743",61905-292,MARACANAÚ,CE1,BR,-3.8721483352825823,-38.62786299041248
Posto Leal XI,"AV. RADIALISTA JOAO RAMOS, 2004",60410-410,MARACANAÚ,CE1,BR,-3.843371533114702,-38.568373364304186
Loja Guarave Veículos,AVENIDA EWERSON DE ABREU SODRE,29215-010,GUARAPARI,ESOL,BR,-20.663680639200386,-40.49982894214103
Loja Valor Praia do Morro,RODOVIA DO SOL,29216-705,Guarapari,ESOL,BR,-20.641664041993884,-40.485217190236774
Loja Guarapari Veículos,AVENIDA EWERSON DE ABREU SODRE,29215-010,Guarapari,ESOL,BR,-20.627611000453783,-40.526834699999995
Loja Soteco Lubrificantes,AV.BRASIL RODOVIA JONES DOS SANTOS NEVES,29211-152,GUARAPARI,ESOL,BR,-20.642865004379857,-40.51767494121281
Posto Ararinha Azul I,"Rua Vereador Marivaldo Moreira, 01",48540-000,Jeremoabo,BA9,BR,-10.077914253593327,-38.345138128157096
Posto Patio Nações,RUA JACARANDA 410,838200000,FAZENDA RIO GRANDE,PRFRG1,BR,-25.64915035621871,-49.30825211534287
Posto Patio Brasil,AVENIDA BRASIL 1569,83820-065,FAZENDA RIO GRANDE,PRFRG1,BR,-25.644866214816954,-49.305832252339584
Posto Aribiri,AV CARLOS LINDEMBERG,29108-075,Vila Velha,ES8,BR,-20.34458491428757,-40.31446300683048
Posto Cristóvão Colombo,"R CRISTOVAO COLOMBO, 582, CRISTOVAO COLOMBO, VILA VELHA",29.106-59,Vila Velha,ES2P,BR,-20.343557970806,-40.301947771714545
Posto Capuaba,"EST. CAPUABA, 21, ATAIDE",29.119-06,Vila Velha,ES2P,BR,-20.34043508777668,-40.327813732600575
Auto Posto Mansambo,Avenida Rui Barbosa n° 6161,83045-350,Curitiba,PR11,BR,-25.5166529247324,-49.18193382607146
Posto Xavante Lagoa,AV. BRASIL,35591-018,LAGOA DA PRATA,MG10,BR,-20.026755177246734,-45.53662938511967
Posto Xavante Minas ,PC SANTO ANTONIO,35560-000,Santo Antonio do Monte ,MG11,BR,-20.087001119278558,-45.29624846241615
Posto Xavante Montense,AV PRESIDENTE TANCREDO NEVES,35560-000,SANTO ANTONIO DO MONTE,MG11,BR,-20.087966474812614,-45.289767532960056
Posto Park Caldas II (Gás),"Rod. Go-213 e 413, S/n QD 04 - LT 01-A, Jardim Paraíso",75690-000,Caldas Novas,GOGAS,BR,-17.7271111,-48.627423821
Posto Arena ,"AV SAO SEBASTIAO 1153 QUADRA39 LOTE A, B",78.045-00,Cuiabá,MT1P,BR,-15.607436172045652,-56.1180901474239
Posto Morada Maravilha,AV MIGUEL SUTIL 5527,78.005-62,CUIABA,MT1P,BR,-15.580092158179626,-56.09224390349047
Posto Morada Trabalhadores,AV GOVERNADOR DANTE MARTINS DE OLIVEIRA 4895E,78065-310,Cuiabá,MT1P,BR,-15.574853105942905,-56.034048460034334
Posto Morada Carmindo,AV. CARMINDO DE CAMPOS 1621,78065-310,Cuiabá,MT1P,BR,-15.621153720816537,-56.08278786008147
Auto Posto Avenida,R FERNANDO CORREA DA COSTA,78705-071,RONDONOPOLIS,MT4,BR,-16.4574011241817,-54.64652794174397
Posto Caji,R DEJANIRA MARIA BASTOS Nº512,42700-130,Lauro de Freitas,BA10,BR,-12.879825909697983,-38.32677552205958
Posto Gaivota,AV JOSE MARIA VIVACQUA SANTOS,29.075-65,VITORIA,ES10,BR,-20.24732133994756,-40.27435532163519
Posto Zeus,AV GENERAL GRACA LESSA 1226,40290-500, SALVADOR,BA14,BR,-12.985188759673132,-38.49666751180775
Posto Itapagipe,V CIA AEROPORTO,43700-000,Simões Filho,BA15,BR,-12.822724070192576,-38.399477733159976
Posto Abastece Inhumas,"Av. Bernardo Sayão, 2 - 303",75400-483,Inhumas,G018,BR,-16.368747209916233,-49.49370257566937
Posto Jota W,R CORONEL PIRES PENTEADO 431,15910-000,Monte Alto,SP6,BR,-21.261969568848095,-48.493282503802995
Posto Tchê BR,"ROD BR 163, KM 324,5",79130-000,RIO BRILHANTE,MS1,BR,-21.770759170166638,-54.525972212034766
Posto Petrogama,AV PRESIDENTE VARGAS 3224,93265-226,ESTEIO,RS2,BR,-29.85823921549777,-51.178839579126084
Posto Morada Real ,AV.FERNANDO CORREA DA COSTA 8.200,78.085-70,Cuiabá,MT7,BR,-15.638526012482755,-56.04139275321257
Posto Morada Santa Marta ,AV. MIGUEL SUTIL 6692,78.043-69,Cuiabá,MT8,BR,-15.588979705990452,-56.117289716017495
Posto Morada II,AV.DR.VICENTE EMILIO VUOLO 200,78.015-28,Cuiabá,MT8,BR,-15.570043698961348,-56.05225987414262
Posto Morada Lava Pés,AV MIGUEL SUTIL,78015-100,Cuiabá,MT8,BR,-15.588984116957302,-56.11729249871024
Posto Quirino,R PAULO JOSE DE SANTANA 101,48400-000,Ribeira do Pombal,BA16,BR,-10.836785181632848,-38.5419752288207
Posto Trokar,R JOSE ANTONIO PEREIRA 260,79.002-40,Campo Grande,MS2,BR,-20.467985894128052,-54.606605572045986
Posto Trokar 4,"Av. Mal. Deodoro, 620",79092-000, Campo Grande,MS2,BR,-20.49223892028746,-54.649243074096425
Posto Trokar 3,"Av. Bandeirantes,1004",79006-000,Campo Grande,MS2,BR,-20.473329551856928,-54.63219804649645
Posto Trokar 2,"Av. Cel. Antonino,1836", 79033-00,Campo Grande,MS2,BR,-20.432677844293167,-54.59279161861872
Posto DM III,AV JOAO CELSO FILHO 1813,59650-000,ASSU,RN7,BR,-5.587191523254928,-36.90661120554925
Posto La Corunha,"RS-020, 390 - Parque Florido",94090-720,GRAVATAI,RS3,BR,-29.93033774661196,-51.063374547049456
Posto Zeus Itapetinga,AV IZAI DOS SANTOS AMORIM 540,45.700-00,ITAPETINGA,BA17,BR,-15.246278695265167,-40.257728115176036
Posto Cristo Rei,"-18.735080128579575, -44.36799522689315",39243-000,Inimutaba,MG13,BR,-18.73492596,-44.36825868
Posto Zeus Conquista,AV JURACY MAGALHAES. 3951,45026-090,VITÓRIA DA CONQUISTA,BA18,BR,-14.898129552067674,-40.844228920288494
Posto Dona Olivia,AV OLIVIA FLORES 671,45028-610,Vitória da Conquista,BA18,BR,-14.86016212301628,-40.82740583127919
Posto Certo,AV BARAO DO RIO BRANCO 3326 A,25680-270,Petropólis,RJ3,BR,-22.47724601823066,-43.17221917289711
Posto Fantoni Freire,R JOAQUIM GOMES PEREIRA 299,35590-084,Lagoa Da Prata,MG14,BR,-20.01778536542311,-45.540680048992904
Posto Nossa Senhora de Fátima,AV CALAMA 5658,76820-611,Porto Velho,RO,BR,-8.744479166406625,-63.86478173557103
Auto Posto Nossa Senhora de Fatima ll,"Avenida Lauro Sodre, 2350",76801-575,Porto Velho,RO,BR,-8.74274091411967,-63.903015104520236
Posto Seven 92,AV JOAO OSORIO,13870-251,SAO JOAO DA BOA VISTA,SP7,BR,-21.980538511645246,-46.796643549064044
Auto Posto Premium,AV CARLOS PEREIRA DE MELO nº 3603,69314-142,Boa Vista,RR,BR,2.8355340094556762,-60.72932488519772
Auto Posto Premium IV,AV RUI BARAUNA,69313-627,Boa Vista,RR,BR,2.848327146203993,-60.72435247669321
Auto Posto Premium VI,AV PRINCESA ISABEL n° 3922,69314-148,Boa Vista,RR,BR,2.831370617028549,-60.730985391071854
Auto Posto Premium V,ROD BR-174 n° 896,69310-600,Boa Vista,RR,BR,2.877675373630767,-60.6977857944566
Auto Posto Premium VII,R MANOEL FELIPE n° 888,69312-310,Boa Vista,RR,BR,2.812335625674964,-60.712321533401166
Posto Sande,AV CORONEL BENTO DE GODOY,75680-280,Caldas Novas,GO20,BR,-17.755453855347156,-48.63008483719018
Posto Leste,AV MINAS GERAIS n° 1597,35060-360,Governador Valadares,IMPLAN,BR,-18.846624229567738,-41.95155162223517
Auto Posto Gusa,"Estrada  das Lágrimas, 3766",04240-000,São Paulo ,IMPLAN,BR,-23.631337032572517,-46.585004673511186
Auto Posto Shallom,"Rodovia BR-010, S/N, KM 01 Av. Bernardo Sayão - Em Frente ao Terminal Rodoviário",68738-000,Santa Maria do Pará,IMPLAN,BR,-1.3448164628269033,-47.57869704086383
Posto Karaka,"BR-153, s/n  QUADRA S-16 LOTE 001E",74984-670,Aparecida de Goiânia,IMPLAN,BR,-16.791010779716334,-49.23839155053895
Posto 13,"R. 13, 673 ",74440-425,Goiânia,IMPLAN,BR,-16.66272275291365,-49.30303243493079
Posto Sete,"Av. T-63, 1898",74280-230,Goiânia,IMPLAN,BR,-16.7145977656696,-49.27729055286056
Posto Coolapa,"R. Noraldino Lima, 200",37950-000,São Sebastião do Paraíso,IMPLAN,BR,-20.914970562037237,-46.98074815701748
Posto Neópolis,"Alameda das Acácias, 1038 ",59080-560,Natal,IMPLAN,BR,-5.857664612335874,-35.2121234979321
Posto Irmão Areias,"R. Lino Ribeiro de Assis, 199",29380-000,Muniz Freire,IMPLAN,BR,-20.46339144337147,-41.41216062547384
Posto Seven Paraiso Oliveira Resende,"Av. Oliveira Rezende, 691",37950-000,São Sebastião do Paraíso,IMPLAN,BR,-20.914478707754984,-46.99854812312016
Auto Posto 17 ,"Praça do Cruzeiro, 211",37903-024, Passos ,IMPLAN,BR,-20.716919710853908,-46.62129474970553
Auto Posto Silva e Oliveira,"Av. Juca Stockler, 1768",37901-216,Passos,IMPLAN,BR,-20.739351313255984,-46.60247570434969
Posto Alfa,"Av. José Caetano de Andrade, 835",37902-325,Passos,IMPLAN,BR,-20.730049414543164,-46.61565614778693
Posto Presidente,"Av. Brasília, 3017-2847 -QUADRA 1 LOTE 001",76550-000,Porangatu,IMPLAN,BR,-13.451500120073616,-49.13574172418761
Posto Gurguéia,"Av. Manoel Ribeiro da Fonseca, 3896",64840-000,Guadalupe,IMPLAN,BR,-6.8110471394345895,-43.575609565246296
Posto Seven Wenceslau,"Av. Wenceslau Braz, 1276",37950-000,São Sebastião do Paraíso,IMPLAN,BR,-20.920486055632136,-46.97627051657982
Posto Conquista,"R. José Demétrio Coelho, 1946",35557-000,Carmo do Cajuru,IMPLAN,BR,-20.19350200610385,-44.7626117775943
Posto Rio da Prata,"Rua Rio da Prata, S/N",76100-000,São Luís de Montes Belos,GO21,BR,-16.507646915014536,-50.36958556206099
Posto Mercado do Bosque,AVENIDA NACOES UNIDAS,69900-715,RIO BRANCO,AC8,BR,-9.96470724554969,-67.81236386690769
Posto Mercado do Bosque - Corrente,RODOVIA BR-364 (RIO BRANCO-PORTO VELHO),69908-768,RIO BRANCO,AC8,BR,-10.011905182586041,-67.79659136576151
Baratão Lumbrificantes,AVENIDA BRASIL 1569,83820-065,Fazenda Rio Grande,PROL04,BR,-25.644866214816954,-49.305832252339584
Ponto do Óleo 3,TV BELGICA,83823-012,Fazenda Rio Grande,PROL04,BR,-25.64915035621871,-49.30825211534287
Auto Posto Shopping,AV APOLONIO SALES 540,38020-430,Uberaba,MG16,BR,-19.765472610957048,-47.94752384247374
Auto Posto Morada,"Avenida Dona Maria de S Borges, 1728",38055-000,Uberaba,MG17,BR,-19.74891370768448,-47.97566676141178
Posto Centenário,AV CENTENARIO Nº 2726,40155-150,SALVADOR,BA20,BR,-13.004467670978883,-38.52354129080609
Posto Cab,AV ULYSSES GUIMARAES,41213-000,Salvador,BA21,BR,-12.939885093677258,-38.431459813217614
Posto São Pedro,"Avenida Moacir Paleta, 307",35020-360,Governador Valadares,MG18,BR,-18.842364643645578,-41.926021383600855
Posto Cidade Verde 2,"Rua Antonio Gouveia Neto, 1065",59215-000,Nova Cruz,RN10,BR,-6.469800256609954,-35.43040123155255
Posto CotraOeste,"Servidão Odila Maggione, R. João Tormem, 127 E",89810-414,Chapecó,SC5,BR,-27.05240140141239,-52.63782468441417
Posto Ouro Negro Colina,"Avenida Samuel Batista Cruz, 2319",29901-401,Linhares,ES11,BR,-19.390784886265365,-40.06774184282757
Auto Posto Jabuti,"Avenida Perimetral Norte, Número 5461",75528-285,Itumbiara,GO23,BR,-18.397823521743476,-49.24017385538648
Posto M Ribeiro,Q QSE 19 lt 02,72.025-19,Brasília,DF9,BR,-15.858902317531479,-48.0461899256771
Auto Posto Marlim,Q 02 Conj. PLL-R St. Norte,72430-200,Brasília,DF9,BR,-15.999110964212964,-48.060905871930686
Posto Poa,AV LOUREIRO DA SILVA,90050-240,Porto Alegre,RS5,BR,-30.036717567864677,-51.22591850741775
Posto Alicafe,AV PROTASIO ALVES,91260-000,Porto Alegre,RS5,BR,-30.04686461758206,-51.09094621212715
Posto Patroa,"Avenida Go 118, 144",73840-000,Campos Belos,GO24,BR,-13.040720126993405,-46.764638501846875
Posto Glória,AVENIDA MINISTRO SALGADO FILHO,29106-010,Vila Velha,ES12,BR,-20.340553536255673,-40.305940057487156
Posto Auto Shopping JK,AV JK Nº 600,35.790-00,Curvelo,MG19,BR,-18.747870850258654,-44.42272392879042
Posto São Lucas Iati,"Avenida Sete de Setembro, SN",55345-000,Iati,PE4,BR,-9.037994936491138,-36.85074986606279
Posto Ipe Amarelo 3,"Praca Presidente Vargas, 1",35557-000,Carmo do Cajuru,MG20,BR,-20.18385051121343,-44.77646153656959
Posto Ipe Amarelo,"Rodovia Mg-129, SN",35903-031,Itabira,MG21,BR,-19.702931850239118,-43.319721495584105
Posto Mochuara,ROD GOVERNADOR MARIO COVAS,29.148-01,CARIACICA,ES14,BR,-20.338336557479145,-40.402824911524924
Posto São Francisco Dezan,V MARIO GURGEL 5913,29.145-40,Cariacica,ES14,BR,-20.34382884533139,-40.405890433151235
Posto Planalto 01,"Avenida Henrry Wall de Carvalho, 4545",64022-050,Teresina,PI01,BR,-5.12700810514751,-42.79748099994666
Posto Petroléo II,AV JOSE DOS SANTOS E SILVA 4453,64.018-57,TERESINA,PI01,BR,-5.096409533074819,-42.80206937190417
Posto Vida,AV FERDINAND FREITAS 4474,64078-635,Teresina,PI01,BR,-5.105631325835845,-42.75148785733546
Posto Valério,AV PADRE FRANCISCO QDA. 057 - LOTE 0189,29.785-00,Vila Valério,ES15,BR,-18.99847367020972,-40.3888392164679
Posto Dinis,"Avenida Governadr Roberto Silveira, 308",28360-000,Bom Jesus Doitabapoana,RJ4,BR,-21.137454049567996,-41.674315152412994
Posto Varotto, AV PRESIDENTE GETULIO VARGAS 749,87.900-00,LOANDA,PR14,BR,-22.9315222653716,-53.12834822684614
Posto Rede Mais,Av. Minas Gerais - KM 690,36272-000,Alfredo Vasconcelos,MG22,BR,-21.1472493181332,-43.76513846603799
Posto Azurita,ROD MG 050 - Nossa Senhora de Lourds,35.670-00,MATEUS LEME,MG23,BR,-20.012742962202577,-44.479010130524344
Posto Azeredo,RUA GONCALVES CHAVES 119,96015-560,Pelotas,RS6,BR,-31.761769477052678,-52.33570338274997
Auto Posto Perola,"Rua 17, Quadra 49, Conjunto B, Lote 02",72911-193,Águas Lindas de Goiás,GO26,BR,-15.74449624366174,-48.2636381055997
Posto Eldorado,"R. 7, QUADRA01 LOTE 18 19 E 20",76550-000,Porangatu,MG24,BR,-13.441289087211622,-49.1333837208355
Posto Veloce,AV ANITA GARIBALDI 2601,822100000,Curitiba,PR15,BR,-25.390285524078102,-49.2609127196145
Posto Morada Despraiado,R. OSVALDO DA SILVA CORREA 257,78.048-00,CUIABA,MT10,BR,-15.569638464063555,-56.09664369673567
Posto Seven 94,ROD DEPUTADO NAGIB CHAIB,13807-684,MOGI MIRIM,SP9,BR,-22.41670023484759,-46.95454447213669
Posto Rayner,AV MARECHAL CASTELO BRANCO,73700-000,Padre Bernardo,GO27,BR,-15.172518211904308,-48.2850273712925
Auto Posto Rios Batista,"Estrada Martins Guimaraes, 190",12221-520,Sao Jose dos Campos,SP10,BR,-23.171744121952376,-45.840088870206905
Posto São Judas Tadeu ll,AV JOAQUIM TIMOTEO DE PAULA 149,75860-000,QUIRINOPOLIS,GO28,BR,-18.4472483564044,-50.447836009878
Posto Emboava Rui Barbosa,AV RUI BARBOSA 665,78.075-20,Cuiabá,MT11,BR,-15.61203475140926,-56.03536577198999
Posto Santos Dumont,"Rua Sete de Setembro, 202",13.801-35,Mogi Mirim,SP11,BR,-22.44220371121606,-46.95592198544947
Auto Posto Avenida Crato,"Avenida Padre Cicero, 9710",63133-830,Crato,CE04,BR,-7.22858428689352,-39.36323181803053
Posto Aliança,R ASSIS CHATEUBRIAND Nº 1385,59215-000,Nova Cruz,RN12,BR,-6.4845653442309255,-35.430077493933844
Posto Top Cariri,"Avenida Deputado Leao Sampaio, 1707",63180-000,Barbalha,CE05,BR,-7.298567533673933,-39.31394853337101
Posto Leão II,"Rua Dom Pedro Ii, 1678",78710-786,Rondonópolis,MT13,BR,-16.46087014734006,-54.63502301158017
Posto Cirilo,"Rua Otavio Pitaluga, 252, Quadra9 Lote 18, 19",78725-420,Rondonópolis,MT14,BR,-16.444145942223876,-54.61709393786201
Posto Tucano,"ROD GO-330 KM 93,6",75780-000,IPAMERI,GO30,BR,-17.753500248704224,-48.16200775212311
Posto Russo,R ACACIO MANOEL DA SILVA VIANA 400,18550-000,BOITUVA,SP12,BR,-23.283056319728644,-47.66050901573797
Posto Sul Brasil,"AV ANTONIO VILENA, QUADRA 06",68.501-13,Marabá,PA01,BR,-5.393498992507836,-49.134680108358936
Posto Dragão do Mar,AV PESSOA ANTA,060060188,Fortaleza,CE06,BR,-3.720468864048597,-38.5229141613715
Posto Urucutuba,Rua Urucutuba 1710,60544-311,Fortaleza,CE06,BR,-3.797904013241209,-38.611483393254275
Posto São Cristovão,AV ANASTACIO BRAGA 4445,62.501-04,ITAPIPOCA,CE4,BR,-3.487620868605517,-39.61066169424513
Posto São Cristovão II,"Av. José do Patrocínio, 1629",62500-000, Itapipoca,CE4,BR,-3.4923192749582994,-39.57625217733394
Posto Novo Seguro,AV DOM JOAO BECKER 838,93010-010,Sao Leopoldo,RS7,BR,-29.76129268895555,-51.15008404145493
Posto Bom Conselho,"Ao lado do Auto Posto Bom Conselho - Av. Jaru, 2809 - St. 05",76870-665,Ariquemes,RO2,BR,-9.904226913043678,-63.03965849000128
Auto Posto Águia 1,"R. do Progresso, 96",65272-000,Santa Luzia do Paruá,MA1,BR,-2.5387992013043323,-45.776502373659646
Auto Posto Águia 2,AV JEFFERSON MESQUITA LEMOS,65272-000,SANTA LUZIA DO PARUA,MA1,BR,-2.5174242494339203,-45.78217057124304
Posto Pré-Sal 3,AV IDELFONSO MOREIRA NÚMERO 01,65420-000,TIMBIRAS,MA3,BR,-4.2556398345074715,-43.93809299916678
Posto Pré-Sal 2,"Av. Santos Dumont, Tv. Santa Teresinha 444",65400-000,Codó,MA4,BR,-4.485359707480391,-43.892497864152865
Posto Caçulinha 01,R MARECHAL RONDON - MARGEM DA RODOVIA BR 423,55297-100,GARANHUNS,PE5,BR,-8.87334097575074,-36.469267311553516
Posto Caçulinha 02,"ROD BR 423 - KM 94,4",55297-130,GARANHUNS,PE5,BR,-8.878642244912717,-36.476889350117354
Posto Caçulinha 04,R LUIZ BURGO Nº 2194,55292-260, Garanhuns,PE5,BR,-8.905968063934509,-36.498073333130826
Posto Caçulinha 05,RODOVIA PE 177 - KM 100,55435-000,São João,PE5,BR,-8.87026459477965,-36.36661325544158
Posto Caçulinha 06,"R. São Vicente, S/N",55295-590,Garanhuns,PE5,BR,-8.881980652784218,-36.4903639171963
Posto Panambi,RUA SANTOS DUMONT,85900-010,Toledo,PR16,BR,-24.724042014459723,-53.74220062506025
Posto Rede Sul,EST FEDERAL BR 116 - KM 318,96790-000,Barra do Ribeiro,RS8,BR,-30.27935514832017,-51.41204107381945
Auto Posto Rodão,"Av. Juscelino Kubitscheck, 1284-1350",77350-000,Combinado,TO4,BR,-12.81617656929019,-46.54728085747075
Posto Aguas Lindas,"Quadra 7, Lote 33A",72910-000,Aguas Lindas,GO35,BR,-15.764609835936618,-48.2676122226367
Posto Providência,Travessa We- 10 -A  CONJ CIDADE NOVA I COM A RUA DO FIO,67130-110,Ananindeua ,PA02,BR,-1.371674565576355,-48.40842121007585
Posto Providência Prime,R PROVIDENCIA Nº 65 LOTE TOKIO,67015-260,Ananindeua ,PA02,BR,-1.3613364334672582,-48.41037624660923
Auto Posto Guajará,"Estr. do Maguari, 377",67145-200,Ananindeua,PA02,BR,-1.3478434482475177,-48.3839215228314
Posto Shallom,RODOVIA PE-180 KM 65,55370-000,São Bento do Una,PA5,BR,-8.504742195680882,-36.442938640163476
Auto Posto Conquista,"R. Maj. Evaristo Frauzino, 259",75650-000, Morrinhos,GO36,BR,-17.737286912438748,-49.109239998641506
Posto Parada Ibiraçu,"Rod. Governador Mário Covas, 720 ",29670-000,Ibiraçu,ES18,BR,-19.832137173840138,-40.379487976855955
Posto Boa Viagem Petrovia Crateús,"R. José Albano, 1237",63700-000,Crateús,CE7,BR,-5.185818590171054,-40.672492723977626
Posto Estrela de Avaré,"R. Santa Catarina, 1720 ",18700-005, Avaré,SP13,BR,-23.096761508706255,-48.92204953097307
Posto Menegatti Trevo,"Via Lateral Alfredo Luiz de Bortoli, 6655",85501-414, Pato Branco,PR17,BR,-26.220570821112872,-52.68264130323465
Posto Menegatti Brusque,"Rod. Ivo Silveira, 7211 - Km 07 ",88355-202,Brusque,SC6,BR,-27.024090356631334,-48.883758850355576
Posto do Lírio,Av. José Manoel Reis KM 164,88200-000, Tijucas ,SC7,BR,-27.234697149533826,-48.63081885278126
Posto Avião,"BR-101, km 158 - sentido sul KM 158",88210-000,Porto Belo,SC8,BR,-27.193872256920162,-48.61359985485455
Auto Posto Litoral,"Rod. Governador Mário Covas, 3292",88490-000,Paulo Lopes,SC9,BR,-27.956901345436968,-48.67724568621128
Posto Gui,Av. Paulo Maia Nº 1701,63024-685,Juazeiro do Norte,CE8 ,BR,-7.2194994569365765,-39.3418719302214
Posto Petrovia,Quadra 77 LOTE 05,72900-178,Santo Antônio do Descoberto,GO39,BR,-15.9419548,-48.2608558
Auto Posto Beatriz,"Avenida Goiás, Quadra 20, Lote 01",72900-370,Santo Antônio do Descoberto,GO39,BR,-15.942819467191502,-48.258215857671715
Auto Posto Anita,"RUA 16, Quadra 34, Lote 1",72900-001,Santo Antônio do Descoberto,GO39,BR,-15.744545855254355,-48.263682306061824
Posto Park XIII,Avenida Santo Antônio Quadra 17 Lote 01,72901-568,Santo Antônio do Descoberto,GO39,BR,-15.93198219177138,-48.29457115320535
Auto Posto California,"AV. ANITA GARIBALDI, 1805",82200-530,CURITIBA,PR18,BR,-25.395674924188434,-49.256830553971376
